datetime,station,pred_1,pred_2,pred_3,pred_4,pred_5,pred_6
2016-11-28 01:00:00,2,6.38,6.31,6.23,6.93,6.06,6.67
2016-11-28 02:00:00,2,6.22,6.29,6.54,6.99,5.91,7.37
2016-11-28 03:00:00,2,8.02,8.93,7.20,7.67,6.20,9.74
2016-11-28 04:00:00,2,9.22,8.93,8.83,9.51,12.33,13.81
2016-11-28 05:00:00,2,11.26,11.19,11.54,13.35,13.90,14.48
2016-11-28 06:00:00,2,11.22,11.55,14.56,14.34,14.12,15.85
2016-11-28 07:00:00,2,15.01,17.16,17.31,17.91,18.35,18.14
2016-11-28 08:00:00,2,21.08,22.47,19.24,21.79,19.87,20.39
2016-11-28 09:00:00,2,24.16,24.49,23.50,24.15,22.93,21.99
2016-11-28 10:00:00,2,20.35,20.98,20.94,20.96,20.89,20.66
2016-11-28 11:00:00,2,19.47,21.64,20.68,21.21,21.97,21.43
2016-11-28 12:00:00,2,13.42,13.49,17.87,17.75,19.54,19.91
2016-11-28 13:00:00,2,11.36,13.43,16.00,17.52,18.39,20.55
2016-11-28 14:00:00,2,18.70,20.95,19.73,23.23,24.08,26.76
2016-11-28 15:00:00,2,26.80,27.50,26.41,26.44,26.81,27.39
2016-11-28 16:00:00,2,32.53,32.13,31.11,31.43,30.40,31.08
2016-11-28 17:00:00,2,28.84,27.83,29.30,27.57,28.02,30.42
2016-11-28 18:00:00,2,32.58,33.76,35.07,35.65,34.20,36.13
2016-11-28 19:00:00,2,33.43,33.09,34.64,34.60,34.58,32.73
2016-11-28 20:00:00,2,26.65,27.15,30.45,30.22,29.91,26.29
2016-11-28 21:00:00,2,24.74,28.00,27.81,27.46,25.85,28.31
2016-11-28 22:00:00,2,36.84,39.13,36.01,35.68,34.65,32.58
2016-11-28 23:00:00,2,55.37,56.49,50.21,46.56,44.50,45.84
2016-11-29 00:00:00,2,47.82,40.62,42.60,38.73,39.61,39.57
2016-11-29 01:00:00,2,29.84,29.45,33.86,30.78,32.20,34.72
2016-11-29 02:00:00,2,27.43,28.90,29.42,29.49,29.73,32.36
2016-11-29 03:00:00,2,32.69,33.80,31.90,34.40,35.78,41.79
2016-11-29 04:00:00,2,39.43,40.50,39.24,41.40,46.83,46.63
2016-11-29 05:00:00,2,41.93,41.43,44.03,49.36,47.09,48.06
2016-11-29 06:00:00,2,39.63,40.44,46.69,48.15,47.93,47.54
2016-11-29 07:00:00,2,45.46,49.59,49.71,49.83,49.38,48.74
2016-11-29 08:00:00,2,45.28,44.64,46.63,47.88,46.77,46.25
2016-11-29 09:00:00,2,40.02,40.49,44.42,43.83,43.03,43.03
2016-11-29 10:00:00,2,25.19,25.71,33.60,33.26,33.24,35.34
2016-11-29 11:00:00,2,19.30,24.29,26.92,29.13,31.88,34.69
2016-11-29 12:00:00,2,23.48,26.09,28.43,31.71,33.96,34.50
2016-11-29 13:00:00,2,29.57,31.89,33.90,36.62,36.75,36.29
2016-11-29 14:00:00,2,31.42,33.37,36.65,37.17,36.35,35.25
2016-11-29 15:00:00,2,35.06,37.90,37.75,37.62,37.11,34.80
2016-11-29 16:00:00,2,40.16,41.18,41.64,41.29,39.78,40.20
2016-11-29 17:00:00,2,29.98,29.14,32.41,31.33,33.70,37.81
2016-11-29 18:00:00,2,28.99,33.18,32.07,32.84,36.25,35.25
2016-11-29 19:00:00,2,32.23,30.46,29.40,32.98,32.76,32.79
2016-11-29 20:00:00,2,49.77,52.16,48.54,46.41,45.54,44.54
2016-11-29 21:00:00,2,44.39,38.17,40.76,40.23,38.32,40.40
2016-11-29 22:00:00,2,35.43,37.91,37.94,37.72,37.46,38.96
2016-11-29 23:00:00,2,32.01,30.07,29.83,31.48,30.23,32.14
2016-11-30 00:00:00,2,25.27,25.35,26.99,27.76,28.45,31.76
2016-11-30 01:00:00,2,21.09,22.76,25.35,26.36,27.64,30.32
2016-11-30 02:00:00,2,18.69,20.08,22.71,24.88,25.94,26.53
2016-11-30 03:00:00,2,16.40,17.45,21.48,22.09,22.90,22.12
2016-11-30 04:00:00,2,21.96,25.33,24.80,25.25,25.47,24.91
2016-11-30 05:00:00,2,22.42,22.43,23.12,23.18,22.84,25.63
2016-11-30 06:00:00,2,22.87,24.54,23.49,23.21,24.81,28.53
2016-11-30 07:00:00,2,19.57,18.23,19.09,22.12,25.75,29.90
2016-11-30 08:00:00,2,14.05,13.99,20.01,22.72,25.71,24.97
2016-11-30 09:00:00,2,18.27,22.49,26.27,27.67,26.04,26.61
2016-11-30 10:00:00,2,24.44,24.59,26.26,25.68,26.69,26.19
2016-11-30 11:00:00,2,23.09,23.66,25.54,26.02,25.85,22.81
2016-11-30 12:00:00,2,14.59,14.90,18.53,17.30,17.03,16.91
2016-11-30 13:00:00,2,15.43,18.07,16.44,15.86,14.04,14.82
2016-11-30 14:00:00,2,18.65,18.32,15.56,15.79,14.47,15.98
2016-11-30 15:00:00,2,21.32,19.77,16.57,15.24,15.99,15.94
2016-11-30 16:00:00,2,24.83,22.93,18.73,18.67,17.82,18.25
2016-11-30 17:00:00,2,24.07,21.57,20.52,19.35,19.79,19.59
2016-11-30 18:00:00,2,23.51,22.96,22.19,21.49,22.11,21.63
2016-11-30 19:00:00,2,24.79,23.90,22.00,21.73,20.75,20.69
2016-11-30 20:00:00,2,27.13,26.05,24.44,22.67,22.47,21.75
2016-11-30 21:00:00,2,29.14,27.15,25.58,24.76,24.93,22.96
2016-11-30 22:00:00,2,22.49,21.01,21.88,20.42,19.43,18.46
2016-11-30 23:00:00,2,19.05,18.38,18.55,18.08,17.33,16.90
2016-12-01 00:00:00,2,18.68,18.67,17.23,17.21,15.54,14.07
2016-12-01 01:00:00,2,18.69,18.17,17.51,16.43,14.56,12.38
2016-12-01 02:00:00,2,20.12,19.61,17.43,15.68,12.97,11.57
2016-12-01 03:00:00,2,17.84,15.34,15.67,14.44,13.64,16.06
2016-12-01 04:00:00,2,20.43,20.01,16.99,17.16,17.99,22.50
2016-12-01 05:00:00,2,21.51,19.52,18.02,20.98,23.62,25.52
2016-12-01 06:00:00,2,18.51,18.00,20.21,22.77,24.01,24.80
2016-12-01 07:00:00,2,15.53,16.01,19.35,21.38,21.64,20.87
2016-12-01 08:00:00,2,17.11,18.92,20.21,21.09,21.38,21.34
2016-12-01 09:00:00,2,17.21,17.94,19.10,18.95,19.64,21.16
2016-12-01 10:00:00,2,13.87,14.76,16.66,17.28,19.42,22.04
2016-12-01 11:00:00,2,10.32,12.41,14.86,16.12,16.91,17.29
2016-12-01 12:00:00,2,22.63,26.36,21.23,20.42,21.54,20.28
2016-12-01 13:00:00,2,28.64,25.93,23.96,23.28,22.56,21.12
2016-12-01 14:00:00,2,24.45,22.87,22.53,21.43,19.89,18.67
2016-12-01 15:00:00,2,10.19,9.46,12.19,11.68,10.28,10.63
2016-12-01 16:00:00,2,9.97,12.88,11.47,10.84,10.20,11.04
2016-12-01 17:00:00,2,15.38,13.32,12.00,11.23,11.21,10.47
2016-12-01 18:00:00,2,18.22,16.40,15.15,14.26,13.76,13.44
2016-12-01 19:00:00,2,14.78,13.08,12.65,12.41,10.73,10.44
2016-12-01 20:00:00,2,11.11,10.82,12.06,10.83,9.51,8.95
2016-12-01 21:00:00,2,5.20,6.61,8.17,7.23,7.04,7.36
2016-12-01 22:00:00,2,10.66,12.58,9.71,8.85,7.96,9.24
2016-12-01 23:00:00,2,6.48,6.10,7.83,6.80,6.62,7.01
2016-12-02 00:00:00,2,8.07,9.72,9.28,9.79,9.23,9.55
2016-12-02 01:00:00,2,4.07,4.10,6.85,6.74,6.78,7.99
2016-12-02 02:00:00,2,6.98,8.94,8.76,9.55,9.54,9.96
2016-12-02 03:00:00,2,5.97,6.35,8.43,8.31,8.70,11.17
2016-12-02 04:00:00,2,3.41,4.47,5.80,6.41,9.23,10.19
2016-12-02 05:00:00,2,5.05,6.96,7.45,10.47,12.04,13.31
2016-12-02 06:00:00,2,10.46,10.35,11.96,14.44,14.91,17.65
2016-12-02 07:00:00,2,9.98,11.50,13.17,14.91,16.68,17.96
2016-12-02 08:00:00,2,9.72,13.13,14.24,16.85,17.12,18.89
2016-12-02 09:00:00,2,10.96,13.39,14.15,15.93,16.56,19.11
2016-12-02 10:00:00,2,9.46,12.76,15.22,16.99,19.86,19.62
2016-12-02 23:00:00,2,10.17,12.78,12.96,13.02,12.50,11.74
2016-12-03 00:00:00,2,9.34,8.76,11.03,9.90,10.10,9.95
2016-12-03 01:00:00,2,8.00,9.61,11.12,11.15,11.10,9.80
2016-12-03 02:00:00,2,14.06,14.90,11.61,10.95,10.03,9.99
2016-12-03 03:00:00,2,12.74,9.78,10.26,10.15,9.60,11.25
2016-12-03 04:00:00,2,7.91,8.63,8.92,9.33,9.82,12.60
2016-12-03 05:00:00,2,4.31,5.21,5.98,7.02,10.03,13.35
2016-12-03 06:00:00,2,3.41,5.27,7.36,11.16,14.97,16.01
2016-12-03 07:00:00,2,8.68,11.01,11.99,15.38,17.37,18.90
2016-12-03 08:00:00,2,7.18,10.09,12.83,15.51,18.00,20.50
2016-12-03 09:00:00,2,13.39,17.51,16.88,19.81,22.46,23.54
2016-12-03 10:00:00,2,11.46,12.32,14.58,18.36,18.94,19.90
2016-12-03 11:00:00,2,17.22,20.72,21.49,22.51,22.14,19.52
2016-12-03 12:00:00,2,16.02,15.08,17.38,16.40,16.35,14.52
2016-12-03 13:00:00,2,13.17,14.78,15.35,15.67,16.34,15.86
2016-12-03 14:00:00,2,12.79,12.80,12.99,14.19,15.73,14.16
2016-12-03 15:00:00,2,10.24,9.85,12.24,12.79,12.86,12.73
2016-12-03 16:00:00,2,19.16,20.59,16.23,15.66,16.43,17.18
2016-12-03 17:00:00,2,23.74,20.74,19.06,18.44,18.39,18.69
2016-12-03 18:00:00,2,21.91,19.49,20.96,19.28,19.69,18.83
2016-12-03 19:00:00,2,18.02,17.89,17.03,17.49,16.83,14.57
2016-12-03 20:00:00,2,20.13,20.89,20.64,19.22,17.06,16.83
2016-12-03 21:00:00,2,28.61,28.59,23.68,21.85,22.44,22.14
2016-12-03 22:00:00,2,26.49,22.84,21.66,20.86,21.60,21.06
2016-12-03 23:00:00,2,28.06,27.47,26.04,25.77,26.06,25.29
2016-12-04 00:00:00,2,28.04,27.49,25.34,26.10,24.18,23.39
2016-12-04 01:00:00,2,30.78,31.38,29.85,29.50,26.97,28.50
2016-12-04 02:00:00,2,26.79,24.16,24.07,23.02,23.94,26.89
2016-12-04 03:00:00,2,24.53,25.03,22.72,24.95,26.40,27.07
2016-12-04 04:00:00,2,29.21,28.97,27.32,29.67,28.88,35.92
2016-12-04 05:00:00,2,25.04,24.79,28.51,28.11,31.49,34.22
2016-12-04 06:00:00,2,33.36,37.82,35.70,41.04,39.45,37.46
2016-12-04 07:00:00,2,33.11,30.46,34.34,35.94,33.92,34.51
2016-12-04 08:00:00,2,40.12,44.46,41.48,39.82,37.82,37.53
2016-12-04 09:00:00,2,49.63,47.17,42.94,41.77,42.33,41.03
2016-12-04 10:00:00,2,32.18,27.21,31.81,33.66,33.60,33.29
2016-12-04 11:00:00,2,19.88,23.04,27.59,27.87,27.78,27.31
2016-12-04 12:00:00,2,18.35,21.55,22.13,22.72,23.50,23.54
2016-12-04 13:00:00,2,31.16,34.51,29.94,31.50,33.09,33.26
2016-12-04 14:00:00,2,31.86,28.06,30.36,32.24,33.13,32.38
2016-12-04 15:00:00,2,25.17,26.61,30.32,30.86,30.33,30.78
2016-12-04 16:00:00,2,22.44,23.17,25.07,24.96,25.62,26.96
2016-12-04 17:00:00,2,29.98,32.49,29.00,29.19,30.88,30.60
2016-12-04 18:00:00,2,32.31,29.82,29.10,31.01,31.82,31.56
2016-12-04 19:00:00,2,29.06,29.56,31.43,31.36,30.59,29.97
2016-12-04 20:00:00,2,35.30,37.19,34.42,33.84,32.72,32.33
2016-12-04 21:00:00,2,36.95,33.60,34.40,33.11,32.83,33.33
2016-12-04 22:00:00,2,34.63,35.19,34.11,35.02,33.83,35.91
2016-12-04 23:00:00,2,35.39,34.81,32.98,33.03,32.20,29.87
2016-12-05 00:00:00,2,27.47,24.83,26.03,25.94,24.88,24.39
2016-12-05 01:00:00,2,30.11,32.08,29.40,30.30,31.69,33.08
2016-12-05 02:00:00,2,28.10,25.97,27.57,28.94,29.22,32.72
2016-12-05 03:00:00,2,27.76,30.35,31.64,32.31,33.99,36.47
2016-12-05 04:00:00,2,28.54,29.59,29.50,32.24,31.54,35.79
2016-12-05 05:00:00,2,29.43,31.40,33.32,35.03,38.16,39.92
2016-12-05 06:00:00,2,19.94,20.17,25.56,29.78,30.81,28.81
2016-12-05 07:00:00,2,38.50,47.96,42.59,42.63,38.83,39.88
2016-12-05 08:00:00,2,55.87,51.62,49.19,46.40,44.88,42.55
2016-12-05 09:00:00,2,51.89,49.50,49.08,48.13,46.10,44.17
2016-12-05 10:00:00,2,47.41,45.61,48.47,45.42,41.94,39.90
2016-12-05 11:00:00,2,42.65,42.16,41.87,39.70,39.51,38.51
2016-12-05 12:00:00,2,41.52,40.17,39.73,38.50,39.27,38.56
2016-12-05 13:00:00,2,30.90,29.25,30.99,31.15,32.25,30.64
2016-12-05 14:00:00,2,18.71,20.16,25.29,25.22,25.31,26.11
2016-12-05 15:00:00,2,33.78,37.61,33.46,34.62,32.61,33.49
2016-12-05 16:00:00,2,32.41,27.88,29.53,29.41,30.08,29.15
2016-12-05 17:00:00,2,33.30,36.73,36.02,35.44,32.03,35.30
2016-12-05 18:00:00,2,34.32,31.80,31.56,30.53,29.87,30.63
2016-12-05 19:00:00,2,25.22,25.87,27.25,28.49,29.70,27.72
2016-12-05 20:00:00,2,30.20,32.45,29.66,31.38,27.94,28.97
2016-12-05 21:00:00,2,24.17,21.38,26.23,26.12,27.11,25.87
2016-12-05 22:00:00,2,28.24,31.98,29.95,30.36,30.16,28.06
2016-12-05 23:00:00,2,20.75,17.89,21.48,21.35,21.73,22.39
2016-12-06 00:00:00,2,13.91,16.51,19.93,19.85,20.03,22.49
2016-12-06 01:00:00,2,18.36,20.09,19.33,18.84,19.38,21.95
2016-12-06 02:00:00,2,22.14,22.43,20.70,22.71,22.98,24.60
2016-12-06 03:00:00,2,25.13,24.84,25.85,25.58,28.06,27.87
2016-12-06 04:00:00,2,22.54,23.42,26.72,26.96,26.79,25.74
2016-12-06 05:00:00,2,21.37,23.95,25.62,26.40,26.40,26.25
2016-12-06 06:00:00,2,23.26,24.87,26.47,25.87,25.78,26.38
2016-12-06 07:00:00,2,19.42,20.14,23.57,23.20,22.86,23.00
2016-12-06 08:00:00,2,14.43,16.91,19.42,19.85,20.42,20.45
2016-12-06 09:00:00,2,17.15,19.82,19.08,20.42,20.77,23.52
2016-12-06 10:00:00,2,24.92,25.90,24.70,25.71,27.70,28.96
2016-12-06 11:00:00,2,26.92,25.07,26.03,25.60,26.23,27.65
2016-12-06 12:00:00,2,30.09,31.98,30.54,31.46,30.75,30.12
2016-12-06 13:00:00,2,39.88,38.11,35.56,35.72,35.01,33.77
2016-12-06 14:00:00,2,44.14,40.81,40.69,39.38,38.40,38.44
2016-12-06 15:00:00,2,48.95,48.39,45.59,42.68,41.70,40.64
2016-12-06 16:00:00,2,54.95,51.61,48.93,46.31,44.05,41.94
2016-12-06 17:00:00,2,52.21,49.65,47.48,44.91,44.13,44.99
2016-12-06 18:00:00,2,47.26,44.80,44.81,43.12,43.04,44.43
2016-12-07 18:00:00,2,26.43,22.82,24.07,25.08,28.19,27.52
2016-12-07 19:00:00,2,28.86,30.94,30.81,33.14,33.35,32.60
2016-12-07 20:00:00,2,27.39,26.52,28.62,29.16,30.75,29.77
2016-12-07 21:00:00,2,13.47,14.58,19.40,20.19,19.80,17.97
2016-12-07 22:00:00,2,17.27,20.70,20.04,20.19,19.61,19.17
2016-12-07 23:00:00,2,15.48,13.93,15.93,14.90,16.97,14.94
2016-12-08 00:00:00,2,20.44,23.70,21.12,21.87,21.91,20.96
2016-12-08 01:00:00,2,18.23,16.41,17.70,16.48,18.62,16.97
2016-12-08 02:00:00,2,9.31,10.48,13.19,12.45,12.23,12.23
2016-12-08 03:00:00,2,9.03,9.86,11.66,10.80,12.72,14.55
2016-12-08 04:00:00,2,10.58,11.35,11.20,11.45,12.23,15.80
2016-12-08 05:00:00,2,12.21,11.94,12.80,14.73,18.05,19.98
2016-12-08 06:00:00,2,12.76,12.17,14.10,17.65,19.62,20.60
2016-12-08 07:00:00,2,9.92,11.95,16.44,19.10,19.00,20.74
2016-12-08 08:00:00,2,11.44,14.72,16.32,18.46,21.46,22.09
2016-12-08 09:00:00,2,9.86,11.72,14.42,17.89,20.06,21.32
2016-12-08 10:00:00,2,12.25,15.98,17.48,19.76,20.74,19.37
2016-12-08 11:00:00,2,15.83,16.44,17.10,18.76,17.89,17.82
2016-12-08 12:00:00,2,15.64,16.67,18.72,18.68,18.43,21.36
2016-12-08 13:00:00,2,21.82,23.30,18.06,20.12,20.87,21.61
2016-12-08 14:00:00,2,15.52,12.84,15.79,15.83,15.24,13.57
2016-12-08 15:00:00,2,13.91,16.25,16.85,15.72,12.95,13.38
2016-12-08 16:00:00,2,14.12,11.98,12.63,12.17,12.20,10.96
2016-12-08 17:00:00,2,16.74,16.85,14.59,13.84,13.03,13.25
2016-12-08 18:00:00,2,21.41,19.55,16.60,15.14,15.36,16.43
2016-12-08 19:00:00,2,13.04,11.59,14.39,13.42,15.15,14.78
2016-12-08 20:00:00,2,16.01,18.52,17.45,17.49,18.67,20.13
2016-12-08 21:00:00,2,26.63,24.96,22.89,22.29,22.60,23.80
2016-12-08 22:00:00,2,24.06,22.85,22.64,24.39,23.78,23.45
2016-12-08 23:00:00,2,23.22,24.54,24.42,25.11,25.02,22.48
2016-12-09 00:00:00,2,20.75,20.86,23.06,22.38,19.93,18.73
2016-12-09 01:00:00,2,19.01,20.28,20.93,20.76,19.56,21.26
2016-12-09 02:00:00,2,24.73,25.41,21.87,22.53,22.78,25.72
2016-12-09 03:00:00,2,22.91,21.36,21.13,22.93,24.45,25.27
2016-12-09 04:00:00,2,22.68,23.54,22.55,24.40,24.21,27.20
2016-12-09 05:00:00,2,11.70,11.74,17.44,19.26,21.19,24.40
2016-12-09 06:00:00,2,13.53,18.60,20.47,23.82,26.00,27.15
2016-12-09 07:00:00,2,22.11,24.14,23.97,26.93,26.46,25.96
2016-12-09 08:00:00,2,19.32,19.90,23.64,25.16,25.81,26.21
2016-12-09 09:00:00,2,25.38,28.73,28.14,28.52,28.34,30.03
2016-12-09 10:00:00,2,17.70,15.78,20.88,22.30,24.58,25.18
2016-12-09 11:00:00,2,6.01,10.76,16.28,17.69,20.33,19.40
2016-12-09 12:00:00,2,13.62,19.09,16.64,17.63,19.59,20.48
2016-12-09 13:00:00,2,12.92,11.39,14.10,16.64,20.29,22.84
2016-12-09 14:00:00,2,8.12,11.63,15.81,16.75,19.30,20.82
2016-12-09 15:00:00,2,16.28,19.78,16.66,20.68,21.50,22.77
2016-12-09 16:00:00,2,13.88,13.75,15.24,17.76,19.40,22.56
2016-12-09 17:00:00,2,8.77,10.15,13.80,16.44,18.51,20.07
2016-12-09 18:00:00,2,12.05,14.78,14.60,16.14,19.60,19.29
2016-12-09 19:00:00,2,9.29,10.68,13.53,16.03,15.89,16.83
2016-12-09 20:00:00,2,12.19,14.22,16.16,18.14,17.70,18.56
2016-12-09 21:00:00,2,19.63,21.30,19.03,21.20,22.30,24.92
2016-12-09 22:00:00,2,26.64,26.51,24.50,25.43,26.20,28.50
2016-12-09 23:00:00,2,20.93,19.42,22.10,22.21,24.02,23.27
2016-12-10 00:00:00,2,17.07,17.88,20.60,21.63,21.74,21.56
2016-12-10 01:00:00,2,16.98,18.04,19.66,20.27,19.79,21.62
2016-12-10 02:00:00,2,28.84,32.00,27.54,28.40,28.11,29.21
2016-12-10 03:00:00,2,19.94,17.25,21.11,21.84,22.58,25.63
2016-12-10 04:00:00,2,12.43,15.54,19.39,20.28,22.57,25.13
2016-12-10 05:00:00,2,11.75,13.99,17.37,20.46,22.96,25.35
2016-12-10 06:00:00,2,13.85,16.72,21.20,24.79,26.32,27.40
2016-12-10 07:00:00,2,15.47,18.39,22.10,24.20,26.38,27.40
2016-12-10 08:00:00,2,14.47,19.14,22.01,23.86,25.92,27.42
2016-12-10 09:00:00,2,20.35,24.50,25.90,28.13,28.35,29.41
2016-12-10 10:00:00,2,20.26,21.52,24.58,25.81,27.76,27.20
2016-12-10 11:00:00,2,29.40,32.96,31.35,31.62,30.74,28.77
2016-12-10 12:00:00,2,40.64,39.23,37.07,35.70,35.05,33.34
2016-12-10 13:00:00,2,40.70,37.12,35.56,34.71,34.71,34.85
2016-12-10 14:00:00,2,31.12,29.84,31.51,31.68,36.15,34.15
2016-12-10 15:00:00,2,26.39,27.34,27.14,27.22,30.60,32.01
2016-12-10 16:00:00,2,32.43,33.12,31.76,32.33,31.27,31.66
2016-12-10 17:00:00,2,37.47,37.14,35.18,36.40,32.38,34.46
2016-12-10 18:00:00,2,34.75,32.56,33.68,32.83,34.60,35.72
2016-12-10 19:00:00,2,42.48,43.67,40.00,38.57,38.93,40.77
2016-12-10 20:00:00,2,48.02,45.16,43.42,42.77,43.50,43.14
2016-12-10 21:00:00,2,49.84,50.50,50.23,50.35,48.32,46.54
2016-12-10 22:00:00,2,43.06,41.94,44.64,42.29,41.35,41.24
2016-12-10 23:00:00,2,44.02,45.83,45.78,44.33,44.14,43.36
2016-12-11 00:00:00,2,43.09,41.58,42.65,42.71,42.71,42.67
2016-12-11 01:00:00,2,38.84,39.12,40.58,40.75,41.38,41.85
2016-12-11 02:00:00,2,27.66,26.61,30.91,31.03,32.39,33.71
2016-12-11 03:00:00,2,27.31,31.73,31.08,31.97,31.80,36.20
2016-12-11 04:00:00,2,29.44,29.89,30.07,30.67,35.15,41.34
2016-12-11 05:00:00,2,23.34,24.31,28.04,33.36,39.00,40.67
2016-12-11 06:00:00,2,30.30,35.46,37.89,43.17,43.65,43.19
2016-12-11 07:00:00,2,34.45,36.16,41.31,42.10,42.69,40.14
2016-12-11 08:00:00,2,36.70,40.58,42.24,42.41,40.51,40.38
2016-12-11 09:00:00,2,28.75,28.22,34.14,34.33,34.68,38.27
2016-12-11 10:00:00,2,29.20,33.85,33.13,35.35,38.14,39.55
2016-12-11 11:00:00,2,37.84,36.52,35.35,38.11,39.62,38.13
2016-12-11 12:00:00,2,33.11,31.94,35.91,36.61,39.06,36.32
2016-12-11 13:00:00,2,24.87,26.69,32.64,33.93,33.80,34.63
2016-12-11 14:00:00,2,26.01,28.95,31.01,29.96,32.07,36.84
2016-12-11 15:00:00,2,23.08,22.78,23.35,25.04,28.66,31.93
2016-12-11 16:00:00,2,28.53,31.72,31.69,33.40,32.68,34.72
2016-12-11 17:00:00,2,42.72,44.02,38.79,40.28,39.30,40.19
2016-12-11 18:00:00,2,41.80,39.79,40.86,40.33,40.25,36.31
2016-12-11 19:00:00,2,39.79,41.06,40.70,41.31,38.89,40.24
2016-12-11 20:00:00,2,30.96,30.59,32.11,32.79,35.19,36.50
2016-12-11 21:00:00,2,34.42,38.36,34.32,36.35,37.39,35.90
2016-12-11 22:00:00,2,39.64,37.63,38.30,38.66,37.11,36.97
2016-12-11 23:00:00,2,33.06,32.59,35.15,34.72,35.22,34.26
2016-12-12 00:00:00,2,32.43,33.86,33.81,33.94,35.52,35.75
2016-12-12 01:00:00,2,42.54,45.00,40.05,41.55,40.60,41.93
2016-12-12 02:00:00,2,40.29,37.20,37.51,37.99,35.91,37.94
2016-12-12 03:00:00,2,39.53,42.25,39.88,38.90,39.67,40.05
2016-12-12 04:00:00,2,46.83,47.33,43.99,44.41,44.78,48.02
2016-12-12 05:00:00,2,44.65,41.38,42.75,45.44,46.49,46.01
2016-12-12 06:00:00,2,50.23,53.09,52.85,54.02,48.85,42.99
2016-12-12 07:00:00,2,45.45,44.68,47.68,46.22,42.41,41.50
2016-12-12 08:00:00,2,41.61,42.73,42.06,40.23,39.20,39.60
2016-12-12 09:00:00,2,53.74,53.49,46.39,45.63,44.28,42.22
2016-12-12 10:00:00,2,49.22,43.80,43.71,43.21,40.85,38.78
2016-12-12 11:00:00,2,45.58,46.27,43.17,41.82,40.22,40.15
2016-12-12 12:00:00,2,28.27,25.58,30.40,29.86,32.41,35.18
2016-12-12 13:00:00,2,24.71,29.93,31.32,33.22,35.86,39.37
2016-12-12 14:00:00,2,33.66,35.04,33.73,35.15,39.95,40.78
2016-12-12 15:00:00,2,29.33,29.50,33.06,36.75,44.02,39.71
2016-12-12 16:00:00,2,19.63,21.16,28.42,30.49,32.29,31.82
2016-12-12 17:00:00,2,12.47,17.84,23.67,24.14,24.44,25.95
2016-12-12 18:00:00,2,14.91,18.62,22.44,22.50,24.38,24.64
2016-12-12 19:00:00,2,27.72,31.82,27.79,28.58,29.08,27.09
2016-12-12 20:00:00,2,42.34,42.39,40.44,41.72,40.00,37.90
2016-12-12 21:00:00,2,35.11,29.31,35.34,34.73,32.73,32.93
2016-12-12 22:00:00,2,27.64,29.61,31.55,31.28,30.67,32.74
2016-12-12 23:00:00,2,23.33,22.62,23.50,23.47,24.19,27.86
2016-12-13 00:00:00,2,26.01,26.45,24.62,26.69,26.00,23.70
2016-12-13 01:00:00,2,24.52,23.16,25.90,25.62,25.19,23.87
2016-12-13 02:00:00,2,17.43,17.67,20.96,20.97,20.66,27.84
2016-12-13 03:00:00,2,13.65,15.41,17.03,17.27,24.44,25.21
2016-12-13 04:00:00,2,17.92,19.51,18.49,25.49,26.45,29.95
2016-12-13 05:00:00,2,20.42,20.21,25.36,26.54,26.72,24.70
2016-12-13 06:00:00,2,20.45,24.07,25.67,27.51,25.10,24.09
2016-12-13 07:00:00,2,22.18,24.12,25.17,25.63,24.58,25.61
2016-12-13 08:00:00,2,24.45,26.02,26.51,26.95,26.60,30.16
2016-12-13 09:00:00,2,33.26,34.07,32.91,32.31,33.76,33.96
2016-12-13 10:00:00,2,42.75,42.16,38.02,37.33,38.07,40.30
2016-12-13 11:00:00,2,31.62,26.98,30.99,32.00,34.26,35.83
2016-12-13 12:00:00,2,22.41,23.73,28.53,31.05,32.04,35.44
2016-12-14 00:00:00,2,22.33,21.74,22.19,22.24,22.03,18.93
2016-12-14 01:00:00,2,19.05,19.81,20.87,20.69,15.90,19.71
2016-12-14 02:00:00,2,18.02,17.84,18.87,17.15,19.01,20.08
2016-12-14 03:00:00,2,12.68,12.39,14.76,16.69,17.07,21.22
2016-12-14 04:00:00,2,9.17,11.94,17.08,19.90,23.05,24.07
2016-12-14 05:00:00,2,12.00,15.73,18.34,23.08,24.50,22.91
2016-12-14 06:00:00,2,17.50,20.03,23.74,24.93,22.49,23.02
2016-12-14 07:00:00,2,10.11,14.15,18.90,17.92,17.98,17.30
2016-12-14 08:00:00,2,14.88,20.36,18.99,18.78,19.94,20.60
2016-12-14 09:00:00,2,20.26,19.81,18.10,19.01,20.61,22.10
2016-12-14 10:00:00,2,24.25,25.08,24.83,24.03,25.22,25.93
2016-12-14 11:00:00,2,22.34,20.24,22.26,23.27,26.06,27.38
2016-12-14 12:00:00,2,12.68,15.47,18.51,20.96,22.50,22.21
2016-12-14 13:00:00,2,10.56,13.98,18.25,20.13,19.67,19.41
2016-12-14 14:00:00,2,14.53,17.73,16.89,17.83,18.80,18.97
2016-12-14 15:00:00,2,15.40,15.81,15.12,15.83,15.76,16.96
2016-12-14 16:00:00,2,18.28,18.92,17.12,17.40,17.45,17.03
2016-12-14 17:00:00,2,15.91,14.59,15.88,14.87,15.28,13.61
2016-12-14 18:00:00,2,9.09,11.31,13.12,12.85,12.60,13.38
2016-12-14 19:00:00,2,8.87,10.43,12.09,10.54,12.01,12.67
2016-12-14 20:00:00,2,13.66,13.53,11.60,12.15,11.85,14.30
2016-12-14 21:00:00,2,17.31,14.67,15.26,14.87,15.46,15.11
2016-12-14 22:00:00,2,10.02,9.64,12.67,13.30,14.64,14.88
2016-12-14 23:00:00,2,9.11,10.41,12.73,13.30,13.76,14.81
2016-12-15 00:00:00,2,7.40,9.04,10.10,10.76,11.16,13.89
2016-12-15 01:00:00,2,4.94,6.55,8.58,9.61,11.67,13.11
2016-12-15 02:00:00,2,3.62,5.67,7.91,9.71,12.12,12.71
2016-12-15 03:00:00,2,6.76,9.22,11.63,12.98,12.98,15.87
2016-12-15 04:00:00,2,5.75,7.85,10.25,11.63,14.42,13.59
2016-12-15 05:00:00,2,5.55,7.57,10.14,12.25,13.31,15.19
2016-12-15 06:00:00,2,4.39,6.49,10.08,11.39,13.96,15.02
2016-12-15 07:00:00,2,3.76,6.70,9.65,11.89,14.69,15.15
2016-12-15 08:00:00,2,5.44,8.87,11.64,13.74,15.15,15.09
2016-12-15 09:00:00,2,7.61,9.83,10.94,12.63,14.25,15.33
2016-12-15 10:00:00,2,10.88,13.48,13.39,15.03,17.76,17.99
2016-12-15 11:00:00,2,11.78,13.55,13.95,17.18,18.68,17.86
2016-12-15 12:00:00,2,19.31,20.76,20.53,21.87,21.33,20.08
2016-12-15 13:00:00,2,26.06,23.63,24.04,24.58,22.79,21.61
2016-12-15 14:00:00,2,25.13,23.14,24.84,22.67,21.69,22.68
2016-12-15 15:00:00,2,27.39,25.75,23.54,23.25,23.23,21.80
2016-12-15 16:00:00,2,24.72,22.94,23.39,21.88,21.67,20.33
2016-12-15 17:00:00,2,20.52,20.17,22.20,21.81,19.20,18.15
2016-12-15 18:00:00,2,19.45,20.12,20.49,18.80,18.61,18.71
2016-12-15 19:00:00,2,13.96,13.97,14.69,14.43,15.48,14.73
2016-12-15 20:00:00,2,21.34,21.47,18.69,18.28,17.98,18.14
2016-12-15 21:00:00,2,24.36,20.44,20.25,19.49,19.12,20.61
2016-12-15 22:00:00,2,18.81,18.01,20.10,19.31,18.27,18.83
2016-12-15 23:00:00,2,18.82,20.11,19.68,20.21,19.35,20.27
2016-12-16 00:00:00,2,18.69,18.72,20.01,19.53,19.79,20.29
2016-12-16 01:00:00,2,15.44,17.50,18.63,18.42,19.60,19.15
2016-12-16 02:00:00,2,10.33,12.86,16.45,16.63,18.08,18.19
2016-12-16 03:00:00,2,6.82,10.01,14.21,14.78,15.84,17.00
2016-12-16 04:00:00,2,7.88,10.99,12.57,13.33,14.91,15.31
2016-12-16 05:00:00,2,6.43,8.58,10.09,11.54,12.15,15.22
2016-12-16 06:00:00,2,10.80,14.53,12.61,14.55,15.56,17.24
2016-12-16 07:00:00,2,16.52,17.01,16.68,17.73,17.62,18.36
2016-12-16 08:00:00,2,22.83,23.36,23.76,24.86,24.04,23.28
2016-12-16 09:00:00,2,19.28,19.67,22.51,22.80,22.55,23.13
2016-12-16 10:00:00,2,19.18,21.74,22.64,24.26,24.49,25.71
2016-12-16 11:00:00,2,20.71,21.79,22.45,23.00,22.07,22.96
2016-12-16 12:00:00,2,20.93,22.15,22.70,23.77,23.15,23.99
2016-12-16 13:00:00,2,15.77,16.03,18.85,19.29,19.87,20.22
2016-12-16 14:00:00,2,11.44,13.55,17.15,17.83,17.89,19.47
2016-12-16 15:00:00,2,15.48,17.33,17.26,18.48,19.15,20.17
2016-12-16 16:00:00,2,30.02,31.08,26.88,27.56,28.57,30.68
2016-12-16 17:00:00,2,36.78,33.61,33.92,33.10,33.03,35.02
2016-12-16 18:00:00,2,30.25,29.96,34.48,35.58,35.77,35.11
2016-12-16 19:00:00,2,24.18,26.37,30.73,29.84,30.33,30.60
2016-12-16 20:00:00,2,19.91,22.06,26.00,26.46,27.91,31.35
2016-12-16 21:00:00,2,16.68,20.20,24.16,26.07,28.98,31.05
2016-12-16 22:00:00,2,16.68,19.47,23.44,25.42,26.93,28.63
2016-12-16 23:00:00,2,19.82,22.00,25.24,25.89,25.91,26.53
2016-12-17 00:00:00,2,21.88,25.57,24.71,25.98,26.94,30.96
2016-12-17 01:00:00,2,18.78,19.32,22.17,22.50,24.85,26.98
2016-12-17 02:00:00,2,10.57,13.59,18.03,20.08,21.73,22.81
2016-12-17 03:00:00,2,12.25,15.47,19.39,19.68,21.22,20.35
2016-12-17 04:00:00,2,24.04,26.92,26.05,27.47,28.55,30.54
2016-12-17 05:00:00,2,25.19,23.10,27.55,29.02,29.76,28.47
2016-12-17 06:00:00,2,20.95,23.47,28.31,28.72,28.12,29.24
2016-12-17 07:00:00,2,23.35,25.32,27.97,27.26,27.08,29.19
2016-12-17 08:00:00,2,33.32,36.33,33.00,32.62,32.50,34.11
2016-12-17 09:00:00,2,34.12,32.10,33.40,34.12,33.10,34.52
2016-12-17 10:00:00,2,33.05,36.00,36.17,35.44,34.27,34.78
2016-12-17 11:00:00,2,31.35,31.61,33.02,32.58,33.23,34.14
2016-12-17 12:00:00,2,35.92,37.70,35.62,37.91,38.88,40.03
2016-12-17 13:00:00,2,43.41,43.83,41.44,42.03,41.46,42.58
2016-12-17 14:00:00,2,38.94,37.43,39.55,40.88,40.49,44.76
2016-12-17 15:00:00,2,30.76,31.30,33.40,37.73,38.56,38.89
2016-12-17 16:00:00,2,34.35,38.38,39.65,38.15,39.67,39.20
2016-12-17 17:00:00,2,34.06,34.37,36.75,37.03,39.09,37.65
2016-12-17 18:00:00,2,30.18,31.53,32.08,32.97,32.54,34.71
2016-12-17 19:00:00,2,33.25,35.57,33.17,34.08,33.88,33.60
2016-12-17 20:00:00,2,46.86,49.22,45.11,45.60,45.09,43.89
2016-12-17 21:00:00,2,57.02,53.55,53.34,51.64,50.95,49.21
2016-12-17 22:00:00,2,42.89,39.18,42.88,41.50,42.59,43.28
2016-12-17 23:00:00,2,34.41,37.12,39.00,39.63,38.54,36.06
2016-12-18 00:00:00,2,30.83,31.31,33.27,33.74,33.69,30.76
2016-12-18 01:00:00,2,33.92,36.63,36.03,36.26,34.08,34.37
2016-12-18 02:00:00,2,34.03,32.58,33.17,32.58,33.11,36.87
2016-12-18 03:00:00,2,21.92,20.13,22.94,25.75,28.04,34.51
2016-12-18 04:00:00,2,24.47,27.89,26.93,30.59,36.85,39.01
2016-12-18 05:00:00,2,35.36,36.08,36.49,42.36,43.53,42.83
2016-12-18 06:00:00,2,39.51,42.49,43.93,46.02,44.36,45.01
2016-12-18 07:00:00,2,33.76,35.08,41.15,39.41,39.80,37.96
2016-12-18 08:00:00,2,23.28,27.38,31.82,33.40,32.65,32.37
2016-12-18 09:00:00,2,34.04,38.83,37.95,38.08,37.83,36.59
2016-12-18 10:00:00,2,35.71,33.40,35.50,36.12,35.33,36.38
2016-12-18 11:00:00,2,29.63,29.63,31.34,31.88,34.98,38.48
2016-12-18 12:00:00,2,25.91,27.44,29.80,30.97,31.97,32.61
2016-12-18 13:00:00,2,38.67,41.45,37.31,40.48,40.19,40.56
2016-12-18 14:00:00,2,30.94,26.91,33.33,35.67,34.20,35.81
2016-12-18 15:00:00,2,29.23,34.34,33.36,34.55,34.22,33.63
2016-12-18 16:00:00,2,34.95,34.40,34.48,32.24,31.94,34.41
2016-12-18 17:00:00,2,47.28,49.64,43.37,43.38,43.99,42.18
2016-12-18 18:00:00,2,52.36,48.50,48.63,48.33,46.66,45.95
2016-12-18 19:00:00,2,44.70,41.00,42.14,40.57,42.01,42.19
2016-12-18 20:00:00,2,42.41,41.41,40.81,40.95,40.26,42.11
2016-12-18 21:00:00,2,42.07,40.55,41.52,41.89,41.65,41.03
2016-12-18 22:00:00,2,39.87,40.50,40.56,40.78,40.45,40.12
2016-12-18 23:00:00,2,42.08,42.35,41.89,41.49,40.38,40.36
2016-12-19 00:00:00,2,53.58,55.01,50.49,49.54,46.37,45.25
2016-12-19 01:00:00,2,39.88,33.53,38.18,37.32,36.87,39.36
2016-12-19 02:00:00,2,22.92,24.82,26.49,27.30,28.09,29.50
2016-12-19 03:00:00,2,26.49,29.42,26.01,26.95,29.11,34.87
2016-12-19 04:00:00,2,28.61,28.90,28.54,29.56,34.44,38.15
2016-12-19 05:00:00,2,28.06,27.60,30.27,36.50,38.73,37.92
2016-12-19 06:00:00,2,19.09,20.00,29.86,31.72,29.77,32.50
2016-12-19 07:00:00,2,17.54,23.33,28.71,28.20,27.85,30.26
2016-12-19 08:00:00,2,25.55,29.50,27.97,30.32,32.45,33.41
2016-12-19 09:00:00,2,31.00,31.50,32.13,35.06,35.31,37.22
2016-12-19 10:00:00,2,21.36,22.23,28.42,29.01,30.58,31.58
2016-12-19 11:00:00,2,20.60,25.28,27.17,29.29,29.58,31.02
2016-12-19 12:00:00,2,16.50,19.16,24.32,24.70,26.79,30.56
2016-12-19 13:00:00,2,24.54,28.18,28.15,29.84,31.16,33.71
2016-12-19 14:00:00,2,32.27,31.37,30.37,34.99,34.74,36.59
2016-12-19 15:00:00,2,23.55,23.95,27.16,30.23,29.37,32.01
2016-12-19 16:00:00,2,24.96,25.90,26.05,26.36,28.73,28.53
2016-12-19 17:00:00,2,36.80,36.08,31.55,33.09,30.71,29.40
2016-12-19 18:00:00,2,41.72,39.57,38.80,36.50,35.85,33.82
2016-12-19 19:00:00,2,51.27,50.92,49.09,46.24,42.23,42.45
2016-12-19 20:00:00,2,57.23,53.31,53.31,49.16,49.82,48.21
2016-12-19 21:00:00,2,65.31,63.75,60.70,57.70,56.67,55.19
2016-12-19 22:00:00,2,60.38,55.11,56.70,52.94,52.56,50.14
2016-12-19 23:00:00,2,52.80,52.74,52.82,50.79,48.04,49.54
2016-12-20 00:00:00,2,50.37,50.18,46.14,44.79,46.25,48.15
2016-12-20 01:00:00,2,58.74,59.51,54.53,54.31,56.33,52.62
2016-12-20 02:00:00,2,52.19,46.38,48.94,49.24,47.43,48.29
2016-12-20 03:00:00,2,37.65,37.98,39.83,39.86,40.48,44.93
2016-12-20 04:00:00,2,28.72,30.36,29.84,31.22,37.14,39.73
2016-12-20 05:00:00,2,26.61,29.24,29.15,34.50,39.00,38.05
2016-12-20 06:00:00,2,24.46,26.58,31.56,35.31,34.07,35.48
2016-12-20 07:00:00,2,19.59,23.68,29.35,28.82,31.43,31.87
2016-12-20 08:00:00,2,22.41,27.00,28.08,30.22,31.82,34.18
2016-12-20 09:00:00,2,31.17,35.38,35.78,36.02,40.77,39.84
2016-12-20 10:00:00,2,45.43,49.27,45.94,47.95,48.45,45.53
2016-12-20 11:00:00,2,50.38,49.67,50.95,49.24,47.19,47.30
2016-12-20 12:00:00,2,51.58,50.79,50.13,49.28,47.30,47.86
2016-12-20 13:00:00,2,60.53,58.86,53.76,52.64,54.05,54.36
2016-12-20 14:00:00,2,60.68,56.48,54.40,54.92,57.76,56.73
2016-12-20 15:00:00,2,46.48,42.21,46.41,48.60,48.49,48.77
2016-12-20 16:00:00,2,32.18,33.08,35.40,32.94,37.39,35.42
2016-12-20 17:00:00,2,40.42,42.62,39.06,40.32,38.99,41.50
2016-12-20 18:00:00,2,44.71,40.80,41.07,40.28,41.35,44.05
2016-12-20 19:00:00,2,40.05,39.07,39.64,39.44,40.98,42.28
2016-12-20 20:00:00,2,32.67,31.73,34.16,33.85,35.44,38.15
2016-12-20 21:00:00,2,38.71,43.79,41.89,42.24,43.72,46.42
2016-12-20 22:00:00,2,45.02,44.72,45.51,47.61,46.72,46.85
2016-12-20 23:00:00,2,46.49,49.28,50.61,50.79,50.99,50.63
2016-12-21 00:00:00,2,48.59,49.03,49.68,50.22,50.45,50.01
2016-12-21 01:00:00,2,47.57,47.53,49.29,48.97,49.17,50.81
2016-12-21 02:00:00,2,50.51,52.22,50.60,52.34,51.64,51.72
2016-12-21 03:00:00,2,49.96,47.13,49.79,49.28,49.21,49.79
2016-12-21 04:00:00,2,40.75,39.97,42.65,42.50,45.56,45.71
2016-12-21 05:00:00,2,35.94,37.15,38.53,43.05,43.15,46.35
2016-12-21 06:00:00,2,43.35,44.49,45.86,47.66,49.52,50.63
2016-12-21 07:00:00,2,45.45,45.67,47.67,48.96,50.95,50.07
2016-12-21 08:00:00,2,49.86,51.90,52.17,51.45,51.49,51.28
2016-12-21 09:00:00,2,52.30,51.70,51.36,51.33,53.56,52.00
2016-12-21 10:00:00,2,42.57,39.96,45.40,44.55,46.83,45.40
2016-12-21 11:00:00,2,26.34,30.15,35.13,36.31,39.41,40.63
2016-12-21 12:00:00,2,20.39,24.23,24.08,27.00,29.97,32.49
2016-12-21 13:00:00,2,35.26,39.86,35.61,37.57,38.86,35.62
2016-12-21 14:00:00,2,35.73,32.14,36.71,35.61,35.64,36.00
2016-12-21 15:00:00,2,32.71,34.35,36.14,36.90,36.21,37.80
2016-12-21 16:00:00,2,34.86,35.28,33.76,34.96,34.18,37.51
2016-12-21 17:00:00,2,49.19,50.84,46.30,46.87,45.69,46.62
2016-12-21 18:00:00,2,64.15,59.70,57.72,55.92,54.31,51.67
2016-12-21 19:00:00,2,71.21,68.60,65.61,63.98,62.56,57.59
2016-12-21 20:00:00,2,68.86,66.12,63.82,59.99,60.14,56.00
2016-12-21 21:00:00,2,52.37,48.91,50.98,49.78,50.84,48.26
2016-12-21 22:00:00,2,54.13,57.58,54.53,52.89,52.51,52.55
2016-12-21 23:00:00,2,52.61,49.60,48.72,47.13,47.50,48.95
2016-12-22 00:00:00,2,53.35,52.91,52.05,50.59,51.90,54.63
2016-12-22 01:00:00,2,48.33,44.25,46.05,46.34,46.28,48.76
2016-12-22 02:00:00,2,52.61,56.92,52.79,53.91,54.49,55.93
2016-12-22 03:00:00,2,55.27,51.84,51.80,53.96,53.39,52.24
2016-12-22 04:00:00,2,47.60,49.10,49.71,52.67,48.90,40.52
2016-12-22 05:00:00,2,40.75,42.93,43.85,45.78,39.56,32.01
2016-12-22 06:00:00,2,36.00,38.89,38.33,36.23,30.94,31.14
2016-12-22 07:00:00,2,39.67,39.22,34.28,35.21,35.26,35.60
2016-12-22 08:00:00,2,33.86,28.89,31.55,31.23,33.37,34.43
2016-12-22 09:00:00,2,20.78,21.67,25.54,24.80,27.02,26.91
2016-12-22 10:00:00,2,13.94,17.60,20.19,20.24,22.14,22.26
2016-12-22 11:00:00,2,5.66,8.96,13.06,13.79,16.98,17.37
2016-12-22 12:00:00,2,6.23,10.61,13.66,14.10,16.67,16.07
2016-12-22 13:00:00,2,6.05,7.97,11.66,12.55,15.33,15.88
2016-12-22 14:00:00,2,5.79,8.04,10.48,12.48,12.98,12.49
2016-12-22 15:00:00,2,12.02,14.84,13.32,14.78,15.24,17.07
2016-12-22 16:00:00,2,12.35,11.42,13.03,14.49,15.19,14.99
2016-12-22 17:00:00,2,11.65,11.13,12.70,13.21,14.61,14.44
2016-12-22 18:00:00,2,9.89,9.24,11.20,11.22,11.48,12.84
2016-12-22 19:00:00,2,13.07,14.92,12.94,14.53,15.47,14.39
2016-12-22 20:00:00,2,14.39,14.22,14.36,14.27,14.72,13.35
2016-12-22 21:00:00,2,18.10,16.80,17.12,16.03,13.94,15.88
2016-12-22 22:00:00,2,11.71,10.18,10.96,9.95,10.19,10.88
2016-12-22 23:00:00,2,3.53,4.92,6.00,6.62,6.75,7.79
2016-12-23 00:00:00,2,4.24,5.22,6.74,6.84,8.21,8.51
2016-12-23 01:00:00,2,3.67,4.67,6.12,8.01,8.56,11.19
2016-12-23 02:00:00,2,5.06,6.84,9.26,10.04,12.12,14.53
2016-12-23 03:00:00,2,10.97,11.81,10.96,12.86,16.57,18.22
2016-12-23 04:00:00,2,16.81,17.14,17.34,18.63,20.02,20.75
2016-12-23 05:00:00,2,8.18,9.93,14.77,15.89,20.22,21.93
2016-12-23 06:00:00,2,11.78,14.69,16.28,20.17,23.03,23.47
2016-12-23 07:00:00,2,24.20,26.50,24.24,27.11,28.78,28.19
2016-12-23 08:00:00,2,34.12,31.08,31.59,33.42,34.23,33.11
2016-12-23 09:00:00,2,29.42,30.78,34.33,36.67,37.92,36.28
2016-12-23 10:00:00,2,21.33,23.42,28.79,28.57,28.50,27.73
2016-12-23 11:00:00,2,18.12,20.80,23.60,24.15,24.72,21.77
2016-12-23 12:00:00,2,22.89,24.94,24.98,25.13,27.52,27.35
2016-12-23 13:00:00,2,28.48,27.42,27.97,28.51,30.41,33.15
2016-12-23 14:00:00,2,22.08,20.47,24.56,27.87,30.79,30.63
2016-12-23 15:00:00,2,32.23,36.30,33.80,36.01,34.06,36.41
2016-12-23 16:00:00,2,45.74,43.40,39.33,40.28,41.82,43.95
2016-12-23 17:00:00,2,51.22,51.41,51.84,50.87,49.89,49.86
2016-12-23 18:00:00,2,44.76,42.37,46.62,46.63,46.21,46.34
2016-12-23 19:00:00,2,43.76,46.90,47.17,45.54,45.09,44.88
2016-12-23 20:00:00,2,53.38,55.50,52.79,53.72,52.33,51.11
2016-12-23 21:00:00,2,52.59,51.40,52.16,52.50,52.33,51.86
2016-12-23 22:00:00,2,48.73,49.63,51.22,52.31,51.41,52.66
2016-12-23 23:00:00,2,46.64,47.66,47.84,47.33,49.24,52.44
2016-12-24 00:00:00,2,46.78,48.67,50.25,48.49,51.44,53.74
2016-12-24 01:00:00,2,48.40,49.10,50.66,53.43,54.07,54.39
2016-12-24 02:00:00,2,54.68,58.26,56.66,56.53,57.94,56.88
2016-12-24 03:00:00,2,52.91,52.57,54.93,55.32,55.62,55.61
2016-12-24 04:00:00,2,41.60,43.85,49.42,50.39,50.47,51.77
2016-12-24 05:00:00,2,29.74,32.73,39.46,42.20,44.27,46.74
2016-12-24 06:00:00,2,31.78,38.30,41.40,43.55,44.39,45.29
2016-12-24 07:00:00,2,36.12,38.27,40.12,42.98,44.47,44.33
2016-12-24 08:00:00,2,37.37,41.14,42.70,43.57,43.21,42.96
2016-12-24 09:00:00,2,49.75,51.84,48.84,48.36,47.30,46.98
2016-12-24 10:00:00,2,60.79,58.19,53.14,52.49,52.49,53.36
2016-12-24 11:00:00,2,62.47,59.23,56.87,56.70,56.42,55.00
2016-12-24 12:00:00,2,57.03,53.51,55.22,54.68,54.39,50.55
2016-12-24 13:00:00,2,41.98,41.24,44.84,43.51,43.93,43.72
2016-12-24 14:00:00,2,39.59,43.06,41.98,43.14,43.44,46.85
2016-12-24 15:00:00,2,41.08,40.11,40.38,43.64,46.34,49.60
2016-12-24 16:00:00,2,48.98,48.95,49.56,53.51,54.11,58.41
2016-12-24 17:00:00,2,37.88,34.16,41.84,41.53,42.25,45.19
2016-12-24 18:00:00,2,34.18,39.95,41.23,43.10,45.30,46.53
2016-12-24 19:00:00,2,34.36,34.76,38.00,39.19,39.88,42.87
2016-12-24 20:00:00,2,43.37,48.17,44.70,47.55,48.49,47.06
2016-12-24 21:00:00,2,42.62,39.97,43.65,44.01,45.04,44.70
2016-12-24 22:00:00,2,38.26,40.82,43.71,42.49,43.86,43.70
2016-12-24 23:00:00,2,47.75,50.91,47.91,49.00,50.25,50.12
2016-12-25 00:00:00,2,49.96,47.61,50.11,49.77,50.63,50.16
2016-12-25 01:00:00,2,48.70,50.91,50.06,50.42,48.66,49.63
2016-12-25 02:00:00,2,53.06,53.61,51.26,50.73,50.99,50.93
2016-12-25 03:00:00,2,55.50,53.22,52.00,51.88,52.01,54.30
2016-12-25 04:00:00,2,62.04,62.55,59.02,59.05,59.90,60.04
2016-12-25 05:00:00,2,51.46,45.43,50.34,52.64,52.67,51.98
2016-12-25 06:00:00,2,46.84,52.20,52.62,53.60,51.85,52.58
2016-12-25 07:00:00,2,58.13,58.49,56.68,55.40,53.54,51.58
2016-12-25 08:00:00,2,57.48,56.14,57.08,55.95,53.80,52.15
2016-12-25 09:00:00,2,58.36,59.09,56.74,54.02,52.90,52.54
2016-12-25 10:00:00,2,64.29,61.29,57.72,56.30,56.26,55.45
2016-12-25 11:00:00,2,62.93,57.62,54.07,54.38,58.59,55.81
2016-12-25 12:00:00,2,50.00,46.84,48.65,50.88,52.91,49.20
2016-12-25 13:00:00,2,34.84,36.34,39.70,42.79,42.12,42.04
2016-12-25 14:00:00,2,35.92,39.02,39.55,41.60,40.64,40.53
2016-12-25 15:00:00,2,39.19,36.96,34.98,34.86,36.83,38.56
2016-12-25 16:00:00,2,28.62,25.95,28.68,29.60,33.10,34.99
2016-12-25 17:00:00,2,24.67,26.32,26.75,28.11,31.19,32.06
2016-12-25 18:00:00,2,22.02,23.48,25.43,24.86,27.42,29.33
2016-12-25 19:00:00,2,20.25,23.02,24.54,25.50,26.19,26.65
2016-12-25 20:00:00,2,27.80,30.18,28.35,30.27,30.00,30.41
2016-12-25 21:00:00,2,26.40,26.18,28.35,28.99,28.82,28.33
2016-12-25 22:00:00,2,23.96,25.98,27.31,28.89,28.04,27.02
2016-12-25 23:00:00,2,27.11,27.60,27.49,28.12,28.98,28.20
2016-12-26 00:00:00,2,32.75,32.90,30.32,31.91,32.17,30.87
2016-12-26 01:00:00,2,39.15,40.21,36.92,37.38,35.64,34.20
2016-12-26 02:00:00,2,40.81,39.02,37.75,36.42,32.19,31.54
2016-12-26 03:00:00,2,36.48,35.67,34.02,30.67,31.40,33.90
2016-12-26 04:00:00,2,36.24,34.19,31.69,33.15,34.76,36.22
2016-12-26 05:00:00,2,23.99,22.06,27.87,26.98,29.51,31.99
2016-12-26 06:00:00,2,19.29,22.08,24.26,26.05,28.01,30.74
2016-12-26 07:00:00,2,32.41,35.60,30.63,35.13,33.78,36.60
2016-12-26 08:00:00,2,34.37,32.84,37.49,36.89,38.01,39.30
2016-12-26 09:00:00,2,35.06,37.80,39.68,38.31,38.77,37.42
2016-12-26 10:00:00,2,31.83,32.68,35.65,34.60,33.53,31.70
2016-12-26 11:00:00,2,33.21,36.50,36.33,33.98,31.00,32.95
2016-12-26 12:00:00,2,49.99,52.33,47.51,43.95,40.24,39.26
2016-12-26 13:00:00,2,55.00,50.09,47.55,45.79,45.01,43.82
2016-12-26 14:00:00,2,49.76,47.35,46.83,47.35,46.30,47.15
2016-12-26 15:00:00,2,32.77,28.51,32.00,29.20,32.89,32.65
2016-12-26 16:00:00,2,24.59,28.21,29.34,29.28,28.90,29.37
2016-12-26 17:00:00,2,31.65,32.47,30.95,30.15,28.94,27.26
2016-12-26 18:00:00,2,26.23,23.73,23.80,23.90,23.87,24.24
2016-12-26 19:00:00,2,30.00,31.70,29.27,29.23,30.43,30.82
2016-12-26 20:00:00,2,46.86,46.66,42.76,41.30,40.14,40.45
2016-12-26 21:00:00,2,59.65,58.39,54.73,53.14,49.08,47.83
2016-12-26 22:00:00,2,61.32,56.08,55.01,52.58,49.10,41.84
2016-12-26 23:00:00,2,55.41,50.79,51.62,46.47,41.98,39.87
2016-12-27 00:00:00,2,55.27,53.50,48.89,45.85,40.77,40.99
2016-12-27 01:00:00,2,49.04,44.66,42.63,40.21,39.26,39.16
2016-12-27 02:00:00,2,35.24,32.69,32.94,34.41,35.93,35.70
2016-12-27 03:00:00,2,34.16,34.25,31.70,32.48,33.98,31.67
2016-12-27 04:00:00,2,34.60,33.20,31.97,31.61,29.87,32.70
2016-12-27 05:00:00,2,40.68,39.42,36.60,36.05,33.82,35.01
2016-12-27 06:00:00,2,35.52,31.37,32.46,32.65,32.21,36.64
2016-12-27 07:00:00,2,14.05,14.82,22.81,21.61,25.51,24.58
2016-12-27 08:00:00,2,5.67,10.03,15.53,16.11,16.61,15.89
2016-12-27 09:00:00,2,9.39,13.57,15.60,14.65,16.10,16.91
2016-12-27 10:00:00,2,10.67,13.27,15.87,16.34,19.13,18.12
2016-12-27 11:00:00,2,10.50,13.47,15.83,16.28,17.52,18.00
2016-12-27 12:00:00,2,6.36,8.78,11.75,14.31,15.07,15.46
2016-12-27 13:00:00,2,4.69,8.22,11.20,12.14,13.12,15.69
2016-12-27 14:00:00,2,6.58,7.76,9.82,11.02,12.33,14.71
2016-12-27 15:00:00,2,5.81,7.31,9.40,10.96,11.81,13.83
2016-12-27 16:00:00,2,8.43,11.06,11.26,12.46,13.37,15.11
2016-12-27 17:00:00,2,10.18,10.21,12.13,12.46,13.96,16.07
2016-12-27 18:00:00,2,3.91,7.39,9.27,10.51,12.89,14.66
2016-12-27 19:00:00,2,5.67,7.10,9.10,9.90,11.98,13.52
2016-12-27 20:00:00,2,11.70,12.47,9.75,11.71,11.33,13.59
2016-12-27 21:00:00,2,8.67,9.22,10.19,11.53,12.02,12.96
2016-12-27 22:00:00,2,15.10,17.84,14.75,14.80,15.32,16.00
2016-12-27 23:00:00,2,18.75,18.02,17.17,16.42,17.31,17.68
2016-12-28 00:00:00,2,13.24,14.20,16.02,15.90,16.36,16.80
2016-12-28 01:00:00,2,5.92,8.06,10.35,10.93,12.22,12.86
2016-12-28 02:00:00,2,9.26,12.34,10.66,12.81,12.91,12.23
2016-12-28 03:00:00,2,17.98,17.00,15.22,13.60,12.87,11.91
2016-12-28 19:00:00,2,16.04,17.62,14.04,13.35,14.24,11.54
2016-12-28 20:00:00,2,10.00,9.91,11.62,11.26,10.24,9.03
2016-12-28 21:00:00,2,8.29,9.25,10.86,9.77,8.32,6.61
2016-12-28 22:00:00,2,6.06,6.80,9.00,7.10,6.27,7.70
2016-12-28 23:00:00,2,4.55,4.96,6.39,5.70,6.39,5.79
2016-12-29 00:00:00,2,3.92,3.56,5.17,4.90,5.24,4.62
2016-12-29 01:00:00,2,6.98,6.95,6.03,6.07,5.48,4.95
2016-12-29 02:00:00,2,7.47,6.13,6.03,6.44,4.77,6.17
2016-12-29 03:00:00,2,8.32,8.49,8.17,7.30,7.61,9.62
2016-12-29 04:00:00,2,4.49,4.86,6.26,6.34,7.07,10.04
2016-12-29 05:00:00,2,6.76,7.86,7.70,9.38,11.87,13.00
2016-12-29 06:00:00,2,10.85,10.62,10.78,13.00,14.24,16.10
2016-12-29 07:00:00,2,7.01,8.44,10.38,13.06,14.89,14.26
2016-12-29 08:00:00,2,11.27,14.58,13.91,15.74,16.39,16.63
2016-12-29 09:00:00,2,12.30,12.32,13.85,14.35,15.88,17.15
2016-12-29 10:00:00,2,10.34,13.13,14.49,15.10,17.24,18.02
2016-12-29 11:00:00,2,12.95,15.75,15.02,17.77,17.82,19.22
2016-12-29 12:00:00,2,11.91,13.13,14.34,15.88,17.09,18.35
2016-12-29 13:00:00,2,6.77,10.46,14.36,16.37,17.57,17.31
2016-12-29 14:00:00,2,14.14,20.27,17.24,19.44,19.57,18.90
2016-12-29 15:00:00,2,18.28,18.11,17.44,18.20,18.74,17.56
2016-12-29 16:00:00,2,7.92,10.31,12.99,13.23,13.16,13.88
2016-12-29 17:00:00,2,5.70,9.15,10.29,10.56,12.09,14.00
2016-12-29 18:00:00,2,10.58,11.72,11.28,11.44,13.48,14.68
2016-12-29 19:00:00,2,16.59,16.40,15.52,15.43,14.65,16.98
2016-12-29 20:00:00,2,18.39,17.61,17.28,15.60,18.29,20.14
2016-12-29 21:00:00,2,10.96,11.56,14.57,15.92,16.35,16.50
2016-12-29 22:00:00,2,19.30,23.74,20.33,20.99,20.87,20.23
2016-12-29 23:00:00,2,18.06,16.03,18.96,18.47,17.45,17.38
2016-12-30 00:00:00,2,9.83,11.46,14.59,14.59,15.12,17.57
2016-12-30 01:00:00,2,4.75,7.88,9.29,10.97,14.10,15.98
2016-12-30 02:00:00,2,14.24,16.09,14.69,17.93,18.92,20.51
2016-12-30 03:00:00,2,14.99,13.39,16.72,18.36,19.46,22.30
2016-12-30 04:00:00,2,12.31,15.92,18.20,18.72,21.62,23.82
2016-12-30 05:00:00,2,12.64,13.47,15.41,19.15,22.59,25.04
2016-12-30 06:00:00,2,17.05,18.94,21.98,24.37,26.95,26.73
2016-12-30 07:00:00,2,22.69,24.55,26.16,29.10,30.06,28.81
2016-12-30 08:00:00,2,24.31,26.67,29.95,29.60,30.97,30.68
2016-12-30 19:00:00,2,23.23,20.54,22.87,23.58,25.27,28.12
2016-12-30 20:00:00,2,28.60,31.91,29.55,30.95,29.64,32.74
2016-12-30 21:00:00,2,39.37,38.33,36.11,36.67,35.86,33.52
2016-12-30 22:00:00,2,34.33,30.16,32.55,34.19,32.62,30.99
2016-12-30 23:00:00,2,38.75,41.59,39.57,39.26,38.60,36.91
2016-12-31 00:00:00,2,36.04,32.16,32.50,32.18,31.97,34.39
2016-12-31 01:00:00,2,25.47,25.60,27.84,28.81,31.35,30.96
2016-12-31 02:00:00,2,23.09,23.30,24.55,26.50,26.13,28.11
2016-12-31 03:00:00,2,20.55,21.00,23.29,24.05,24.73,27.31
2016-12-31 04:00:00,2,22.52,24.58,25.57,26.90,29.10,37.41
2016-12-31 05:00:00,2,27.20,27.49,27.91,28.60,36.55,36.60
2016-12-31 06:00:00,2,30.54,32.03,32.28,39.34,38.86,38.81
2016-12-31 07:00:00,2,42.58,45.08,45.41,44.65,41.21,41.81
2016-12-31 08:00:00,2,46.87,46.70,46.87,44.47,43.42,44.34
2016-12-31 09:00:00,2,49.21,48.93,48.33,48.45,47.67,46.56
2016-12-31 10:00:00,2,55.40,54.28,52.78,51.71,50.09,49.83
2016-12-31 11:00:00,2,44.46,42.39,45.79,44.05,44.93,43.17
2016-12-31 12:00:00,2,31.13,32.94,35.27,38.02,35.57,34.21
2016-12-31 13:00:00,2,27.35,28.54,32.18,32.84,32.32,34.74
2016-12-31 14:00:00,2,24.83,25.43,25.63,28.60,28.59,28.80
2016-12-31 15:00:00,2,28.03,26.58,25.50,25.68,24.61,25.24
2016-12-31 16:00:00,2,27.86,24.79,25.81,22.97,24.42,24.72
2016-12-31 17:00:00,2,20.42,20.17,21.83,21.50,22.34,24.78
2016-12-31 18:00:00,2,19.53,21.01,21.24,21.29,24.07,25.83
2016-12-31 19:00:00,2,24.39,24.78,22.99,24.59,25.68,27.60
